{
  "incumbent_ids": [
    3,
    5
  ],
  "rejected_config_ids": [
    1,
    2,
    4,
    6,
    7,
    8
  ],
  "incumbents_changed": 4,
  "trajectory": [
    {
      "config_ids": [
        1
      ],
      "costs": [
        [
          1.0032942295074463,
          0.36868686868686873
        ]
      ],
      "trial": 1,
      "walltime": 388.5930013656616
    },
    {
      "config_ids": [
        2
      ],
      "costs": [
        [
          0.5589911639690399,
          0.26515151515151514
        ]
      ],
      "trial": 4,
      "walltime": 2879.2996139526367
    },
    {
      "config_ids": [
        3
      ],
      "costs": [
        [
          0.5353688895702362,
          0.25757575757575757
        ]
      ],
      "trial": 6,
      "walltime": 3944.952910423279
    },
    {
      "config_ids": [
        3,
        5
      ],
      "costs": [
        [
          0.5353688895702362,
          0.25757575757575757
        ],
        [
          0.5327995717525482,
          0.2702020202020202
        ]
      ],
      "trial": 10,
      "walltime": 6520.668394804001
    }
  ],
  "state": {
    "queue": [
      [
        9,
        1
      ]
    ]
  }
}