{
  "stats": {
    "submitted": 17,
    "finished": 16,
    "running": 1
  },
  "data": [
    [
      1,
      null,
      209652396,
      null,
      [
        1.0032942295074463,
        0.36868686868686873
      ],
      388.5892217159271,
      1,
      1723199154.5726764,
      1723199543.163304,
      {}
    ],
    [
      1,
      null,
      398764591,
      null,
      [
        0.6875739097595215,
        0.2777777777777778
      ],
      458.40038895606995,
      1,
      1723199543.166918,
      1723200001.5687554,
      {}
    ],
    [
      2,
      null,
      209652396,
      null,
      [
        0.5584241151809692,
        0.26262626262626265
      ],
      1031.3373401165009,
      1,
      1723200001.5718973,
      1723201032.9106343,
      {}
    ],
    [
      2,
      null,
      398764591,
      null,
      [
        0.5595582127571106,
        0.2676767676767676
      ],
      1000.9545044898987,
      1,
      1723201032.913217,
      1723202033.8692718,
      {}
    ],
    [
      3,
      null,
      209652396,
      null,
      [
        0.5425368547439575,
        0.25757575757575757
      ],
      554.320698261261,
      1,
      1723202033.8816614,
      1723202588.2379897,
      {}
    ],
    [
      3,
      null,
      398764591,
      null,
      [
        0.5282009243965149,
        0.25757575757575757
      ],
      511.28019094467163,
      1,
      1723202588.2408721,
      1723203099.5224776,
      {}
    ],
    [
      4,
      null,
      209652396,
      null,
      [
        0.5540337562561035,
        0.2954545454545454
      ],
      742.9293968677521,
      1,
      1723203099.5272965,
      1723203842.5878277,
      {}
    ],
    [
      4,
      null,
      398764591,
      null,
      [
        0.542227029800415,
        0.2676767676767676
      ],
      825.8687658309937,
      1,
      1723203842.5914853,
      1723204668.461635,
      {}
    ],
    [
      5,
      null,
      209652396,
      null,
      [
        0.5375558137893677,
        0.2752525252525253
      ],
      569.5000872612,
      1,
      1723204668.46557,
      1723205238.0329533,
      {}
    ],
    [
      5,
      null,
      398764591,
      null,
      [
        0.5280433297157288,
        0.26515151515151514
      ],
      437.18403124809265,
      1,
      1723205238.0527256,
      1723205675.2381582,
      {}
    ],
    [
      6,
      null,
      209652396,
      null,
      [
        0.5499128699302673,
        0.2803030303030303
      ],
      411.9033670425415,
      1,
      1723205682.6296704,
      1723206094.5344658,
      {}
    ],
    [
      6,
      null,
      398764591,
      null,
      [
        0.5335100889205933,
        0.26010101010101006
      ],
      367.89807200431824,
      1,
      1723206094.843718,
      1723206462.8359368,
      {}
    ],
    [
      7,
      null,
      209652396,
      null,
      [
        0.5263095498085022,
        0.26515151515151514
      ],
      455.08671283721924,
      1,
      1723206463.2900317,
      1723206918.406477,
      {}
    ],
    [
      7,
      null,
      398764591,
      null,
      [
        0.5545506477355957,
        0.25757575757575757
      ],
      575.8098721504211,
      1,
      1723206918.4910793,
      1723207494.3023264,
      {}
    ],
    [
      8,
      null,
      209652396,
      null,
      [
        0.5452086925506592,
        0.26515151515151514
      ],
      983.3175029754639,
      1,
      1723207494.508582,
      1723208477.8931255,
      {}
    ],
    [
      8,
      null,
      398764591,
      null,
      [
        0.5479008555412292,
        0.2676767676767676
      ],
      599.0164549350739,
      1,
      1723208477.9683437,
      1723209076.9863505,
      {}
    ],
    [
      9,
      null,
      209652396,
      null,
      2147483647.0,
      0.0,
      0,
      0.0,
      0.0,
      {}
    ]
  ],
  "configs": {
    "1": {
      "accum": 2,
      "batch": 4,
      "dropout_rate": 0.1860063053668,
      "lora_init_scale": 0.0004318458108,
      "lora_rank": 28,
      "lora_scaling_rank": 2,
      "lr": 0.0075844928051,
      "warmup_pct": 0.2990663754661,
      "weight_decay": 0.0003501633591
    },
    "2": {
      "accum": 8,
      "batch": 1,
      "dropout_rate": 0.6448824241757,
      "lora_init_scale": 0.0059698491941,
      "lora_rank": 7,
      "lora_scaling_rank": 3,
      "lr": 1.94723447e-05,
      "warmup_pct": 0.1048141062725,
      "weight_decay": 1.36358596e-05
    },
    "3": {
      "accum": 4,
      "batch": 8,
      "dropout_rate": 0.3481670588255,
      "lora_init_scale": 0.0031072065118,
      "lora_rank": 12,
      "lora_scaling_rank": 3,
      "lr": 0.0005116817409,
      "warmup_pct": 0.0550010925904,
      "weight_decay": 6.7163952e-05
    },
    "4": {
      "accum": 2,
      "batch": 2,
      "dropout_rate": 0.8834075056016,
      "lora_init_scale": 0.040922376696,
      "lora_rank": 19,
      "lora_scaling_rank": 2,
      "lr": 0.0002889195847,
      "warmup_pct": 0.16762933027,
      "weight_decay": 0.0003011438085
    },
    "5": {
      "accum": 2,
      "batch": 8,
      "dropout_rate": 0.543320761621,
      "lora_init_scale": 0.0847156651915,
      "lora_rank": 24,
      "lora_scaling_rank": 2,
      "lr": 0.0013756617011,
      "warmup_pct": 0.0429553569574,
      "weight_decay": 5.57899472e-05
    },
    "6": {
      "accum": 4,
      "batch": 8,
      "dropout_rate": 0.3270596053058,
      "lora_init_scale": 0.0003720600135,
      "lora_rank": 16,
      "lora_scaling_rank": 1,
      "lr": 0.0009390428701,
      "warmup_pct": 0.1030368652602,
      "weight_decay": 0.0003078335479
    },
    "7": {
      "accum": 4,
      "batch": 8,
      "dropout_rate": 0.3181672859438,
      "lora_init_scale": 0.0084673046946,
      "lora_rank": 12,
      "lora_scaling_rank": 4,
      "lr": 0.0004933216109,
      "warmup_pct": 0.1080823219469,
      "weight_decay": 0.0001624891376
    },
    "8": {
      "accum": 4,
      "batch": 8,
      "dropout_rate": 0.1746636489701,
      "lora_init_scale": 0.0012652572756,
      "lora_rank": 15,
      "lora_scaling_rank": 1,
      "lr": 2.0331908e-05,
      "warmup_pct": 0.0434944454103,
      "weight_decay": 0.000795954414
    },
    "9": {
      "accum": 4,
      "batch": 8,
      "dropout_rate": 0.1514651705394,
      "lora_init_scale": 0.0015413210191,
      "lora_rank": 13,
      "lora_scaling_rank": 4,
      "lr": 0.0005637299776,
      "warmup_pct": 0.0302303614449,
      "weight_decay": 0.000165894778
    }
  },
  "config_origins": {
    "1": "Initial Design: Sobol",
    "2": "Initial Design: Sobol",
    "3": "Initial Design: Sobol",
    "4": "Initial Design: Sobol",
    "5": "Initial Design: Sobol",
    "6": "Acquisition Function Maximizer: Local Search",
    "7": "Acquisition Function Maximizer: Local Search",
    "8": "Acquisition Function Maximizer: Local Search",
    "9": "Acquisition Function Maximizer: Local Search"
  }
}