{
  "stats": {
    "submitted": 30,
    "finished": 30,
    "running": 0
  },
  "data": [
    [
      1,
      null,
      209652396,
      null,
      [
        1.0032942295074463,
        0.36868686868686873
      ],
      364.8958201408386,
      1,
      1723212400.7743819,
      1723212765.671886,
      {}
    ],
    [
      1,
      null,
      398764591,
      null,
      [
        0.6875739097595215,
        0.2777777777777778
      ],
      513.1976537704468,
      1,
      1723212765.6745622,
      1723213278.8736284,
      {}
    ],
    [
      2,
      null,
      209652396,
      null,
      [
        0.5584241151809692,
        0.26262626262626265
      ],
      1012.3955311775208,
      1,
      1723213278.9508653,
      1723214291.395765,
      {}
    ],
    [
      2,
      null,
      398764591,
      null,
      [
        0.5595582127571106,
        0.2676767676767676
      ],
      972.3066146373749,
      1,
      1723214291.5272508,
      1723215263.8354752,
      {}
    ],
    [
      3,
      null,
      209652396,
      null,
      [
        0.5425368547439575,
        0.25757575757575757
      ],
      462.4141573905945,
      1,
      1723215264.009104,
      1723215726.4893746,
      {}
    ],
    [
      3,
      null,
      398764591,
      null,
      [
        0.5282009243965149,
        0.25757575757575757
      ],
      421.67410707473755,
      1,
      1723215726.5756497,
      1723216148.2513485,
      {}
    ],
    [
      4,
      null,
      209652396,
      null,
      [
        0.5540337562561035,
        0.2954545454545454
      ],
      656.1057233810425,
      1,
      1723216148.2757096,
      1723216804.3828568,
      {}
    ],
    [
      4,
      null,
      398764591,
      null,
      [
        0.542227029800415,
        0.2676767676767676
      ],
      778.9093317985535,
      1,
      1723216804.5950515,
      1723217583.5323484,
      {}
    ],
    [
      5,
      null,
      209652396,
      null,
      [
        0.5375558137893677,
        0.2752525252525253
      ],
      547.042643070221,
      1,
      1723217583.5363028,
      1723218130.5803883,
      {}
    ],
    [
      5,
      null,
      398764591,
      null,
      [
        0.5280433297157288,
        0.26515151515151514
      ],
      472.97427439689636,
      1,
      1723218130.8455474,
      1723218603.8385162,
      {}
    ],
    [
      6,
      null,
      209652396,
      null,
      [
        0.5499128699302673,
        0.2803030303030303
      ],
      465.07120871543884,
      1,
      1723218611.4721456,
      1723219076.5449462,
      {}
    ],
    [
      6,
      null,
      398764591,
      null,
      [
        0.5335100889205933,
        0.26010101010101006
      ],
      450.410847902298,
      1,
      1723219076.5603507,
      1723219526.972682,
      {}
    ],
    [
      7,
      null,
      209652396,
      null,
      [
        0.5263095498085022,
        0.26515151515151514
      ],
      499.5394558906555,
      1,
      1723219527.0905964,
      1723220026.6552243,
      {}
    ],
    [
      7,
      null,
      398764591,
      null,
      [
        0.5545506477355957,
        0.25757575757575757
      ],
      683.678213596344,
      1,
      1723220026.6590152,
      1723220710.338626,
      {}
    ],
    [
      8,
      null,
      209652396,
      null,
      [
        0.5452086925506592,
        0.26515151515151514
      ],
      677.0541577339172,
      1,
      1723220710.3682828,
      1723221387.4413667,
      {}
    ],
    [
      8,
      null,
      398764591,
      null,
      [
        0.5479008555412292,
        0.2676767676767676
      ],
      660.7865436077118,
      1,
      1723221387.4457371,
      1723222048.233929,
      {}
    ],
    [
      9,
      null,
      209652396,
      null,
      [
        0.5405221581459045,
        0.25757575757575757
      ],
      548.4772520065308,
      1,
      1723222048.2960649,
      1723222596.77473,
      {}
    ],
    [
      9,
      null,
      398764591,
      null,
      [
        0.527576744556427,
        0.2525252525252525
      ],
      556.4780580997467,
      1,
      1723222596.7867799,
      1723223153.2663867,
      {}
    ],
    [
      10,
      null,
      209652396,
      null,
      [
        0.5467162728309631,
        0.2702020202020202
      ],
      695.8979699611664,
      1,
      1723223153.308565,
      1723223849.2306242,
      {}
    ],
    [
      10,
      null,
      398764591,
      null,
      [
        0.5486463904380798,
        0.26262626262626265
      ],
      674.6590933799744,
      1,
      1723223849.2360861,
      1723224523.896658,
      {}
    ],
    [
      11,
      null,
      209652396,
      null,
      [
        0.5177323222160339,
        0.25757575757575757
      ],
      674.2314240932465,
      1,
      1723224524.072885,
      1723225198.3205392,
      {}
    ],
    [
      11,
      null,
      398764591,
      null,
      [
        0.5206154584884644,
        0.2525252525252525
      ],
      662.5245087146759,
      1,
      1723225198.329041,
      1723225860.8550026,
      {}
    ],
    [
      12,
      null,
      209652396,
      null,
      [
        0.517875075340271,
        0.2550505050505051
      ],
      668.2610583305359,
      1,
      1723225860.8744137,
      1723226529.1368744,
      {}
    ],
    [
      12,
      null,
      398764591,
      null,
      [
        0.5200099945068359,
        0.24494949494949492
      ],
      643.068906545639,
      1,
      1723226529.1567838,
      1723227172.2272186,
      {}
    ],
    [
      13,
      null,
      209652396,
      null,
      [
        0.5682356357574463,
        0.26515151515151514
      ],
      539.9741725921631,
      1,
      1723227172.4740047,
      1723227712.4846478,
      {}
    ],
    [
      13,
      null,
      398764591,
      null,
      [
        0.5756850838661194,
        0.26515151515151514
      ],
      472.1458833217621,
      1,
      1723227712.4890084,
      1723228184.636302,
      {}
    ],
    [
      14,
      null,
      209652396,
      null,
      [
        0.5555273294448853,
        0.28787878787878785
      ],
      619.9251685142517,
      1,
      1723228185.7519877,
      1723228805.6784668,
      {}
    ],
    [
      14,
      null,
      398764591,
      null,
      [
        0.542090117931366,
        0.2676767676767676
      ],
      844.5888016223907,
      1,
      1723228805.7002928,
      1723229650.290432,
      {}
    ],
    [
      15,
      null,
      209652396,
      null,
      [
        0.5228741765022278,
        0.2550505050505051
      ],
      735.8620738983154,
      1,
      1723229650.3404481,
      1723230386.2155597,
      {}
    ],
    [
      15,
      null,
      398764591,
      null,
      [
        0.5179407000541687,
        0.2525252525252525
      ],
      862.4779043197632,
      1,
      1723230386.220212,
      1723231248.7001245,
      {}
    ]
  ],
  "configs": {
    "1": {
      "accum": 2,
      "batch": 4,
      "dropout_rate": 0.1860063053668,
      "lora_init_scale": 0.0004318458108,
      "lora_rank": 28,
      "lora_scaling_rank": 2,
      "lr": 0.0075844928051,
      "warmup_pct": 0.2990663754661,
      "weight_decay": 0.0003501633591
    },
    "2": {
      "accum": 8,
      "batch": 1,
      "dropout_rate": 0.6448824241757,
      "lora_init_scale": 0.0059698491941,
      "lora_rank": 7,
      "lora_scaling_rank": 3,
      "lr": 1.94723447e-05,
      "warmup_pct": 0.1048141062725,
      "weight_decay": 1.36358596e-05
    },
    "3": {
      "accum": 4,
      "batch": 8,
      "dropout_rate": 0.3481670588255,
      "lora_init_scale": 0.0031072065118,
      "lora_rank": 12,
      "lora_scaling_rank": 3,
      "lr": 0.0005116817409,
      "warmup_pct": 0.0550010925904,
      "weight_decay": 6.7163952e-05
    },
    "4": {
      "accum": 2,
      "batch": 2,
      "dropout_rate": 0.8834075056016,