{
  "stats": {
    "submitted": 30,
    "finished": 30,
    "running": 0
  },
  "data": [
    [
      1,
      null,
      209652396,
      null,
      [
        0.5229111313819885,
        0.2525252525252525
      ],
      635.4576671123505,
      1,
      1723239872.1105723,
      1723240507.5697367,
      {}
    ],
    [
      1,
      null,
      398764591,
      null,
      [
        0.5287478566169739,
        0.2525252525252525
      ],
      554.2238988876343,
      1,
      1723240507.5748997,
      1723241061.8002157,
      {}
    ],
    [
      2,
      null,
      209652396,
      null,
      [
        0.5388045907020569,
        0.24494949494949492
      ],
      958.4633107185364,
      1,
      1723241061.8039067,
      1723242020.2686338,
      {}
    ],
    [
      2,
      null,
      398764591,
      null,
      [
        0.547199547290802,
        0.23737373737373735
      ],
      592.5623807907104,
      1,
      1723242020.271582,
      1723242612.8353984,
      {}
    ],
    [
      3,
      null,
      209652396,
      null,
      [
        0.5371304154396057,
        0.2525252525252525
      ],
      237.48682594299316,
      1,
      1723242612.8398027,
      1723242850.328163,
      {}
    ],
    [
      3,
      null,
      398764591,
      null,
      [
        0.541582465171814,
        0.2525252525252525
      ],
      238.15901470184326,
      1,
      1723242850.3315744,
      1723243088.492012,
      {}
    ],
    [
      4,
      null,
      209652396,
      null,
      [
        0.5357666015625,
        0.2247474747474747
      ],
      756.0614807605743,
      1,
      1723243088.4963944,
      1723243844.5592227,
      {}
    ],
    [
      4,
      null,
      398764591,
      null,
      [
        0.5388187170028687,
        0.23737373737373735
      ],
      614.1631619930267,
      1,
      1723243844.5631778,
      1723244458.7277317,
      {}
    ],
    [
      5,
      null,
      209652396,
      null,
      [
        0.5270348191261292,
        0.2272727272727273
      ],
      443.43837094306946,
      1,
      1723244458.733294,
      1723244902.1729913,
      {}
    ],
    [
      5,
      null,
      398764591,
      null,
      [
        0.5330994129180908,
        0.23989898989898994
      ],
      442.4548695087433,
      1,
      1723244902.1763866,
      1723245344.6325655,
      {}
    ],
    [
      6,
      null,
      209652396,
      null,
      [
        0.5225592851638794,
        0.24242424242424243
      ],
      401.7122161388397,
      1,
      1723245345.5651162,
      1723245747.2786014,
      {}
    ],
    [
      6,
      null,
      398764591,
      null,
      [
        0.5271132588386536,
        0.24242424242424243
      ],
      442.61743330955505,
      1,
      1723245747.282474,
      1723246189.9013057,
      {}
    ],
    [
      7,
      null,
      209652396,
      null,
      [
        0.5354554057121277,
        0.23737373737373735
      ],
      396.47084641456604,
      1,
      1723246189.908461,
      1723246586.3806255,
      {}
    ],
    [
      7,
      null,
      398764591,
      null,
      [
        0.5318551659584045,
        0.23989898989898994
      ],
      396.6995711326599,
      1,
      1723246586.384844,
      1723246983.0858233,
      {}
    ],
    [
      8,
      null,
      209652396,
      null,
      [
        0.5223730206489563,
        0.24494949494949492
      ],
      442.59171533584595,
      1,
      1723246983.0921996,
      1723247425.6853237,
      {}
    ],
    [
      8,
      null,
      398764591,
      null,
      [
        0.5292856097221375,
        0.2525252525252525
      ],
      442.608033657074,
      1,
      1723247425.6896882,
      1723247868.2990773,
      {}
    ],
    [
      9,
      null,
      209652396,
      null,
      [
        0.5371798276901245,
        0.23484848484848486
      ],
      713.9997534751892,
      1,
      1723247868.3062334,
      1723248582.3073444,
      {}
    ],
    [
      9,
      null,
      398764591,
      null,
      [
        0.541894257068634,
        0.24494949494949492
      ],
      614.9450931549072,
      1,
      1723248582.3119075,
      1723249197.258354,
      {}
    ],
    [
      10,
      null,
      209652396,
      null,
      [
        0.52999347448349,
        0.2272727272727273
      ],
      687.1982390880585,
      1,
      1723249197.2652602,
      1723249884.4648015,
      {}
    ],
    [
      10,
      null,
      398764591,
      null,
      [
        0.5380377769470215,
        0.23989898989898994
      ],
      614.764386177063,
      1,
      1723249884.4692745,
      1723250499.2350016,
      {}
    ],
    [
      11,
      null,
      209652396,
      null,
      [
        0.52849280834198,
        0.24242424242424243
      ],
      443.7174174785614,
      1,
      1723250499.2418709,
      1723250942.960571,
      {}
    ],
    [
      11,
      null,
      398764591,
      null,
      [
        0.5339053273200989,
        0.23484848484848486
      ],
      443.1010172367096,
      1,
      1723250942.965088,
      1723251386.0674477,
      {}
    ],
    [
      12,
      null,
      209652396,
      null,
      [
        0.5859256982803345,
        0.24242424242424243
      ],
      443.5677309036255,
      1,
      1723251386.0744624,
      1723251829.6434996,
      {}
    ],
    [
      12,
      null,
      398764591,
      null,
      [
        0.5868285298347473,
        0.2525252525252525
      ],
      443.5276789665222,
      1,
      1723251829.6481507,
      1723252273.177178,
      {}
    ],
    [
      13,
      null,
      209652396,
      null,
      [
        0.5496403574943542,
        0.22979797979797978
      ],
      442.7818880081177,
      1,
      1723252273.1842582,
      1723252715.9674213,
      {}
    ],
    [
      13,
      null,
      398764591,
      null,
      [
        0.5528393387794495,
        0.24494949494949492
      ],
      443.44788217544556,
      1,
      1723252715.9721854,
      1723253159.4213836,
      {}
    ],
    [
      14,
      null,
      209652396,
      null,
      [
        0.5302585363388062,
        0.2272727272727273
      ],
      687.2021813392639,
      1,
      1723253160.0874043,
      1723253847.290754,
      {}
    ],
    [
      14,
      null,
      398764591,
      null,
      [
        0.5357747673988342,
        0.24242424242424243
      ],
      614.6559131145477,
      1,
      1723253847.2958174,
      1723254461.9530892,
      {}
    ],
    [
      15,
      null,
      209652396,
      null,
      [
        0.5473637580871582,
        0.22979797979797978
      ],
      742.1863117218018,
      1,
      1723254461.9608817,
      1723255204.1485116,
      {}
    ],
    [
      15,
      null,
      398764591,
      null,
      [
        0.5497574210166931,
        0.24747474747474751
      ],
      742.3232295513153,
      1,
      1723255204.1611686,
      1723255946.4859705,
      {}
    ]
  ],
  "configs": {
    "1": {
      "accum": 2,
      "batch": 4,
      "dora_init_scale": 0.000210147218,
      "dora_rank": 10,
      "dropout_rate": 0.789071867615,
      "lr": 0.0003065822375,
      "warmup_pct": 0.2883928992227,
      "weight_decay": 0.0009852835003
    },
    "2": {
      "accum": 8,
      "batch": 1,
      "dora_init_scale": 0.0032849476982,
      "dora_rank": 22,
      "dropout_rate": 0.2995130456984,
      "lr": 0.0003347597897,
      "warmup_pct": 0.0864370281156,
      "weight_decay": 2.10537108e-05
    },
    "3": {
      "accum": 4,
      "batch": 8,
      "dora_init_scale": 0.0009127901909,
      "dora_rank": 17,
      "dropout_rate": 0.3632868655026,
      "lr": 0.0019716408461,
      "warmup_pct": 0.200075085219,
      "weight_decay": 7.97242856e-05
    },
    "4": {
      "accum": 2,
      "batch": 2,
      "dora_init_scale": 0.024006745661,
      "dora_rank": 29,
      "dropout_rate": 0.6721760936081,
      "lr": 5.48587897e-05,