{
  "stats": {
    "submitted": 30,
    "finished": 30,
    "running": 0
  },
  "data": [
    [
      1,
      null,
      209652396,
      null,
      [
        0.5202515721321106,
        0.26066897347174167
      ],
      671.0053806304932,
      1,
      1723272307.571291,
      1723272978.5780563,
      {}
    ],
    [
      1,
      null,
      398764591,
      null,
      [
        0.4882161021232605,
        0.2145328719723183
      ],
      663.2648959159851,
      1,
      1723272978.581602,
      1723273641.8479297,
      {}
    ],
    [
      2,
      null,
      209652396,
      null,
      [
        0.5297576189041138,
        0.251441753171857
      ],
      3873.726546049118,
      1,
      1723273641.8512738,
      1723277515.5792,
      {}
    ],
    [
      2,
      null,
      398764591,
      null,
      [
        0.5301133394241333,
        0.25605536332179935
      ],
      3888.7832140922546,
      1,
      1723277515.5823066,
      1723281404.3670485,
      {}
    ],
    [
      3,
      null,
      209652396,
      null,
      [
        0.6433594226837158,
        0.2145328719723183
      ],
      1144.6138141155243,
      1,
      1723281404.3708966,
      1723282548.9861474,
      {}
    ],
    [
      3,
      null,
      398764591,
      null,
      [
        0.4629347324371338,
        0.21337946943483277
      ],
      705.7543907165527,
      1,
      1723282548.9908345,
      1723283254.7466283,
      {}
    ],
    [
      4,
      null,
      209652396,
      null,
      [
        1.049824595451355,
        0.20530565167243364
      ],
      2460.4902296066284,
      1,
      1723283254.751573,
      1723285715.2432833,
      {}
    ],
    [
      4,
      null,
      398764591,
      null,
      [
        1.0475374460220337,
        0.2110726643598616
      ],
      2460.487110853195,
      1,
      1723285715.2473857,
      1723288175.73597,
      {}
    ],
    [
      5,
      null,
      209652396,
      null,
      [
        0.4918089807033539,
        0.2145328719723183
      ],
      827.6269447803497,
      1,
      1723288175.7429926,
      1723289003.3713582,
      {}
    ],
    [
      5,
      null,
      398764591,
      null,
      [
        0.4886687994003296,
        0.2110726643598616
      ],
      846.4861719608307,
      1,
      1723289003.3756392,
      1723289849.8631434,
      {}
    ],
    [
      6,
      null,
      209652396,
      null,
      [
        0.5760974287986755,
        0.22260668973471742
      ],
      1032.0222744941711,
      1,
      1723289850.633734,
      1723290882.6572912,
      {}
    ],
    [
      6,
      null,
      398764591,
      null,
      [
        0.4665573835372925,
        0.20991926182237597
      ],
      700.0417733192444,
      1,
      1723290882.661773,
      1723291582.7050529,
      {}
    ],
    [
      7,
      null,
      209652396,
      null,
      [
        1.0270317792892456,
        0.2179930795847751
      ],
      1135.8944418430328,
      1,
      1723291582.7113838,
      1723292718.6073132,
      {}
    ],
    [
      7,
      null,
      398764591,
      null,
      [
        0.4617999494075775,
        0.21222606689734713
      ],
      720.0586478710175,
      1,
      1723292718.6118646,
      1723293438.6720526,
      {}
    ],
    [
      8,
      null,
      209652396,
      null,
      [
        0.48141640424728394,
        0.21337946943483277
      ],
      968.8420648574829,
      1,
      1723293438.678619,
      1723294407.5221329,
      {}
    ],
    [
      8,
      null,
      398764591,
      null,
      [
        0.4641232490539551,
        0.20299884659746248
      ],
      928.4164667129517,
      1,
      1723294407.5261295,
      1723295335.9442477,
      {}
    ],
    [
      9,
      null,
      209652396,
      null,
      [
        0.4993082582950592,
        0.22029988465974626
      ],
      935.9785299301147,
      1,
      1723295335.9507365,
      1723296271.9306738,
      {}
    ],
    [
      9,
      null,
      398764591,
      null,
      [
        0.49491098523139954,
        0.20876585928489044
      ],
      925.279402256012,
      1,
      1723296271.935254,
      1723297197.216077,
      {}
    ],
    [
      10,
      null,
      209652396,
      null,
      [
        0.489064484834671,
        0.2179930795847751
      ],
      738.2097299098969,
      1,
      1723297197.2223,
      1723297935.433429,
      {}
    ],
    [
      10,
      null,
      398764591,
      null,
      [
        0.48687440156936646,
        0.2295271049596309
      ],
      706.6057798862457,
      1,
      1723297935.4383593,
      1723298642.0456958,
      {}
    ],
    [
      11,
      null,
      209652396,
      null,
      [
        1.1454253196716309,
        0.22145328719723179
      ],
      1133.5595755577087,
      1,
      1723298642.0519593,
      1723299775.6129656,
      {}
    ],
    [
      11,
      null,
      398764591,
      null,
      [
        0.9187631011009216,
        0.20645905420991928
      ],
      1133.41033244133,
      1,
      1723299775.6176417,
      1723300909.0294633,
      {}
    ],
    [
      12,
      null,
      209652396,
      null,
      [
        0.5624089241027832,
        0.21337946943483277
      ],
      911.90797996521,
      1,
      1723300909.0356476,
      1723301820.9450073,
      {}
    ],
    [
      12,
      null,
      398764591,
      null,
      [
        0.9960983991622925,
        0.20876585928489044
      ],
      1124.113154411316,
      1,
      1723301820.9501941,
      1723302945.0648386,
      {}
    ],
    [
      13,
      null,
      209652396,
      null,
      [
        0.6515878438949585,
        0.21337946943483277
      ],
      1027.06059217453,
      1,
      1723302945.0715687,
      1723303972.1335597,
      {}
    ],
    [
      13,
      null,
      398764591,
      null,
      [
        0.4630812704563141,
        0.2145328719723183
      ],
      700.0424537658691,
      1,
      1723303972.1386456,
      1723304672.1824892,
      {}
    ],
    [
      14,
      null,
      209652396,
      null,
      [
        0.4817901849746704,
        0.2110726643598616
      ],
      1219.9987037181854,
      1,
      1723304673.1738722,
      1723305893.1738327,
      {}
    ],
    [
      14,
      null,
      398764591,
      null,
      [
        0.9914658069610596,
        0.21337946943483277
      ],
      1506.4977691173553,
      1,
      1723305893.1795123,
      1723307399.6788824,
      {}
    ],
    [
      15,
      null,
      209652396,
      null,
      [
        0.5553668737411499,
        0.19838523644752015
      ],
      2378.830134868622,
      1,
      1723307399.6872072,
      1723309778.5186758,
      {}
    ],
    [
      15,
      null,
      398764591,
      null,
      [
        0.8698313236236572,
        0.20645905420991928
      ],
      2392.505342721939,
      1,
      1723309778.5250978,
      1723312171.031832,
      {}
    ]
  ],
  "configs": {
    "1": {
      "accum": 2,
      "batch": 4,
      "dropout_rate": 0.1860063053668,
      "lora_init_scale": 0.0004318458108,
      "lora_rank": 28,
      "lora_scaling_rank": 2,
      "lr": 0.0075844928051,
      "warmup_pct": 0.2990663754661,
      "weight_decay": 0.0003501633591
    },
    "2": {
      "accum": 8,
      "batch": 1,
      "dropout_rate": 0.6448824241757,
      "lora_init_scale": 0.0059698491941,
      "lora_rank": 7,
      "lora_scaling_rank": 3,
      "lr": 1.94723447e-05,
      "warmup_pct": 0.1048141062725,
      "weight_decay": 1.36358596e-05
    },
    "3": {
      "accum": 4,
      "batch": 8,
      "dropout_rate": 0.3481670588255,
      "lora_init_scale": 0.0031072065118,
      "lora_rank": 12,
      "lora_scaling_rank": 3,
      "lr": 0.0005116817409,
      "warmup_pct": 0.0550010925904,
      "weight_decay": 6.7163952e-05
    },
    "4": {
      "accum": 2,
      "batch": 2,
      "dropout_rate": 0.8834075056016,