{
  "incumbent_ids": [
    1,
    12
  ],
  "rejected_config_ids": [
    2,
    3,
    4,
    5,
    6,
    7,
    8,
    9,
    10,
    11,
    13
  ],
  "incumbents_changed": 2,
  "trajectory": [
    {
      "config_ids": [
        1
      ],
      "costs": [
        [
          0.5197381973266602,
          0.2195121951219512
        ]
      ],
      "trial": 1,
      "walltime": 153.6851761341095
    },
    {
      "config_ids": [
        1,
        12
      ],
      "costs": [
        [
          0.5127244293689728,
          0.23170731707317072
        ],
        [
          0.6890926957130432,
          0.1951219512195122
        ]
      ],
      "trial": 24,
      "walltime": 3579.7455475330353
    }
  ],
  "state": {
    "queue": [
      [
        13,
        2
      ]
    ]
  }
}