{
  "stats": {
    "submitted": 26,
    "finished": 26,
    "running": 0
  },
  "data": [
    [
      1,
      null,
      209652396,
      null,
      [
        0.5197381973266602,
        0.2195121951219512
      ],
      153.67873239517212,
      1,
      1723098026.9656858,
      1723098180.6458678,
      {}
    ],
    [
      1,
      null,
      398764591,
      null,
      [
        0.5057106614112854,
        0.24390243902439024
      ],
      136.99499368667603,
      1,
      1723098180.6544425,
      1723098317.687437,
      {}
    ],
    [
      2,
      null,
      209652396,
      null,
      [
        0.6672790050506592,
        0.3414634146341463
      ],
      275.97124695777893,
      1,
      1723098317.73983,
      1723098593.7512667,
      {}
    ],
    [
      2,
      null,
      398764591,
      null,
      [
        0.6633253693580627,
        0.3414634146341463
      ],
      278.2945113182068,
      1,
      1723098593.7545357,
      1723098872.089629,
      {}
    ],
    [
      3,
      null,
      209652396,
      null,
      [
        0.5277364253997803,
        0.29268292682926833
      ],
      141.31932497024536,
      1,
      1723098872.0934675,
      1723099013.4152331,
      {}
    ],
    [
      3,
      null,
      398764591,
      null,
      [
        0.5299713611602783,
        0.31707317073170727
      ],
      133.67726254463196,
      1,
      1723099013.418285,
      1723099147.0970085,
      {}
    ],
    [
      4,
      null,
      209652396,
      null,
      [
        0.5729032158851624,
        0.3414634146341463
      ],
      202.58591866493225,
      1,
      1723099147.1023796,
      1723099349.7087698,
      {}
    ],
    [
      4,
      null,
      398764591,
      null,
      [
        0.576291024684906,
        0.29268292682926833
      ],
      205.94272136688232,
      1,
      1723099349.724775,
      1723099555.6916356,
      {}
    ],
    [
      5,
      null,
      209652396,
      null,
      [
        0.5210782289505005,
        0.2682926829268293
      ],
      117.38882756233215,
      1,
      1723099555.7085805,
      1723099673.098706,
      {}
    ],
    [
      5,
      null,
      398764591,
      null,
      [
        0.5211530327796936,
        0.2682926829268293
      ],
      112.47041726112366,
      1,
      1723099673.103692,
      1723099785.5754828,
      {}
    ],
    [
      6,
      null,
      209652396,
      null,
      [
        0.9185929894447327,
        0.24390243902439024
      ],
      128.0473988056183,
      1,
      1723099789.7378874,
      1723099917.787143,
      {}
    ],
    [
      6,
      null,
      398764591,
      null,
      [
        0.6260200142860413,
        0.2195121951219512
      ],
      126.70698714256287,
      1,
      1723099917.7921724,
      1723100044.500456,
      {}
    ],
    [
      7,
      null,
      209652396,
      null,
      [
        0.5447860956192017,
        0.19512195121951215
      ],
      128.2821958065033,
      1,
      1723100044.5080702,
      1723100172.7915463,
      {}
    ],
    [
      7,
      null,
      398764591,
      null,
      [
        0.5618414282798767,
        0.2682926829268293
      ],
      122.94635844230652,
      1,
      1723100172.816548,
      1723100295.7642736,
      {}
    ],
    [
      8,
      null,
      209652396,
      null,
      [
        0.8646097183227539,
        0.2195121951219512
      ],
      163.19516563415527,
      1,
      1723100295.7844217,
      1723100458.980913,
      {}
    ],
    [
      8,
      null,
      398764591,
      null,
      [
        0.5075790882110596,
        0.24390243902439024
      ],
      122.956387758255,
      1,
      1723100459.0087657,
      1723100581.9666367,
      {}
    ],
    [
      9,
      null,
      209652396,
      null,
      [
        0.6213409304618835,
        0.2682926829268293
      ],
      121.80944561958313,
      1,
      1723100581.974508,
      1723100703.7852812,
      {}
    ],
    [
      9,
      null,
      398764591,
      null,
      [
        0.6821590065956116,
        0.24390243902439024
      ],
      123.71661901473999,
      1,
      1723100703.7906356,
      1723100827.5086765,
      {}
    ],
    [
      10,
      null,
      209652396,
      null,
      [
        0.63140469789505,
        0.2195121951219512
      ],
      149.073646068573,
      1,
      1723100827.516781,
      1723100976.591751,
      {}
    ],
    [
      10,
      null,
      398764591,
      null,
      [
        0.5374686121940613,
        0.2682926829268293
      ],
      141.09002447128296,
      1,
      1723100976.5971673,
      1723101117.6886945,
      {}
    ],
    [
      11,
      null,
      209652396,
      null,
      [
        0.5474066138267517,
        0.29268292682926833
      ],
      119.38632678985596,
      1,
      1723101117.6982582,
      1723101237.086096,
      {}
    ],
    [
      11,
      null,
      398764591,
      null,
      [
        0.5323977470397949,
        0.19512195121951215
      ],
      116.1259605884552,
      1,
      1723101237.092216,
      1723101353.219625,
      {}
    ],
    [
      12,
      null,
      209652396,
      null,
      [
        0.7525472640991211,
        0.14634146341463417
      ],
      130.03976607322693,
      1,
      1723101353.2624068,
      1723101483.3034892,
      {}
    ],
    [
      12,
      null,
      398764591,
      null,
      [
        0.6256381273269653,
        0.24390243902439024
      ],
      123.39745736122131,
      1,
      1723101483.3091357,
      1723101606.7080138,
      {}
    ],
    [
      13,
      null,
      209652396,
      null,
      [
        0.5032686591148376,
        0.2682926829268293
      ],
      126.771075963974,
      1,
      1723101606.7179492,
      1723101733.490284,
      {}
    ],
    [
      13,
      null,
      398764591,
      null,
      [
        0.6339865922927856,
        0.2682926829268293
      ],
      133.32645726203918,
      1,
      1723101733.4964004,
      1723101866.8244286,
      {}
    ]
  ],
  "configs": {
    "1": {
      "accum": 2,
      "batch": 4,
      "dropout_rate": 0.1860063053668,
      "lora_init_scale": 0.0004318458108,
      "lora_rank": 28,
      "lora_scaling_rank": 2,
      "lr": 0.0075844928051,
      "warmup_pct": 0.2990663754661,
      "weight_decay": 0.0003501633591
    },
    "2": {
      "accum": 8,
      "batch": 1,
      "dropout_rate": 0.6448824241757,
      "lora_init_scale": 0.0059698491941,
      "lora_rank": 7,
      "lora_scaling_rank": 3,
      "lr": 1.94723447e-05,
      "warmup_pct": 0.1048141062725,
      "weight_decay": 1.36358596e-05
    },
    "3": {
      "accum": 4,
      "batch": 8,
      "dropout_rate": 0.3481670588255,
      "lora_init_scale": 0.0031072065118,
      "lora_rank": 12,
      "lora_scaling_rank": 3,
      "lr": 0.0005116817409,
      "warmup_pct": 0.0550010925904,
      "weight_decay": 6.7163952e-05
    },
    "4": {
      "accum": 2,
      "batch": 2,
      "dropout_rate": 0.8834075056016,
      "lora_init_scale": 0.040922376696,
      "lora_rank": 19,
      "lora_scaling_rank": 2,
      "lr": 0.0002889195847,
      "warmup_pct": 0.16762933027,
      "weight_decay": 0.0003011438085
    },
    "5": {
      "accum": 2,
      "batch": 8,
      "dropout_rate": 0.543320761621,
      "lora_init_scale": 0.0847156651915,
      "lora_rank": 24,
      "lora_scaling_rank": 2,
      "lr": 0.0013756617011,
      "warmup_pct": 0.0429553569574,
      "weight_decay": 5.57899472e-05
    },
    "6": {
      "accum": 2,
      "batch": 4,
      "dropout_rate": 0.1766219621067,
      "lora_init_scale": 0.0003247150298,
      "lora_rank": 20,
      "lora_scaling_rank": 2,
      "lr": 0.0062870528256,
      "warmup_pct": 0.264629120385,
      "weight_decay": 3.4510199e-05
    },
    "7": {
      "accum": 4,
      "batch": 4,
      "dropout_rate": 0.1129615736422,
      "lora_init_scale": 0.0004300964318,
      "lora_rank": 21,