{
  "stats": {
    "submitted": 30,
    "finished": 30,
    "running": 0
  },
  "data": [
    [
      1,
      null,
      209652396,
      null,
      [
        0.5550174713134766,
        0.23737373737373735
      ],
      405.6264600753784,
      1,
      1723151312.9870756,
      1723151718.614905,
      {}
    ],
    [
      1,
      null,
      398764591,
      null,
      [
        0.5530551075935364,
        0.28535353535353536
      ],
      378.25180315971375,
      1,
      1723151718.618391,
      1723152096.8716178,
      {}
    ],
    [
      2,
      null,
      209652396,
      null,
      [
        0.554689347743988,
        0.25757575757575757
      ],
      1852.3797407150269,
      1,
      1723152096.875328,
      1723153949.2565823,
      {}
    ],
    [
      2,
      null,
      398764591,
      null,
      [
        0.5544145703315735,
        0.25
      ],
      1797.3581190109253,
      1,
      1723153949.2598248,
      1723155746.619413,
      {}
    ],
    [
      3,
      null,
      209652396,
      null,
      [
        0.5698729753494263,
        0.2550505050505051
      ],
      391.1943860054016,
      1,
      1723155746.6242738,
      1723156137.8201342,
      {}
    ],
    [
      3,
      null,
      398764591,
      null,
      [
        0.536903440952301,
        0.25757575757575757
      ],
      290.4993145465851,
      1,
      1723156137.823438,
      1723156428.3243246,
      {}
    ],
    [
      4,
      null,
      209652396,
      null,
      [
        0.8183094263076782,
        0.23989898989898994
      ],
      1031.3864431381226,
      1,
      1723156428.341383,
      1723157459.7293656,
      {}
    ],
    [
      4,
      null,
      398764591,
      null,
      [
        0.5475075840950012,
        0.24494949494949492
      ],
      810.8904304504395,
      1,
      1723157459.7325697,
      1723158270.6243613,
      {}
    ],
    [
      5,
      null,
      209652396,
      null,
      [
        0.559105396270752,
        0.23484848484848486
      ],
      345.6920042037964,
      1,
      1723158270.6306045,
      1723158616.3242078,
      {}
    ],
    [
      5,
      null,
      398764591,
      null,
      [
        1.7330228090286255,
        0.20707070707070707
      ],
      549.0861494541168,
      1,
      1723158616.333014,
      1723159165.4207048,
      {}
    ],
    [
      6,
      null,
      209652396,
      null,
      [
        0.5226494669914246,
        0.2550505050505051
      ],
      1094.4445061683655,
      1,
      1723159168.4245672,
      1723160262.8705502,
      {}
    ],
    [
      6,
      null,
      398764591,
      null,
      [
        0.5225763916969299,
        0.2525252525252525
      ],
      1093.672613620758,
      1,
      1723160262.8745213,
      1723161356.5485296,
      {}
    ],
    [
      7,
      null,
      209652396,
      null,
      [
        0.8917757272720337,
        0.20454545454545459
      ],
      587.3927226066589,
      1,
      1723161356.5551736,
      1723161943.9492393,
      {}
    ],
    [
      7,
      null,
      398764591,
      null,
      [
        0.580647885799408,
        0.2525252525252525
      ],
      380.24474477767944,
      1,
      1723161943.9531615,
      1723162324.1994529,
      {}
    ],
    [
      8,
      null,
      209652396,
      null,
      [
        0.5757704973220825,
        0.25757575757575757
      ],
      540.5649845600128,
      1,
      1723162324.2690308,
      1723162864.8353724,
      {}
    ],
    [
      8,
      null,
      398764591,
      null,
      [
        0.5738518238067627,
        0.25757575757575757
      ],
      540.827315568924,
      1,
      1723162864.8396268,
      1723163405.6682878,
      {}
    ],
    [
      9,
      null,
      209652396,
      null,
      [
        0.5261519551277161,
        0.2525252525252525
      ],
      518.2424380779266,
      1,
      1723163405.6756153,
      1723163923.9194155,
      {}
    ],
    [
      9,
      null,
      398764591,
      null,
      [
        0.5240762233734131,
        0.2550505050505051
      ],
      585.5158627033234,
      1,
      1723163923.923649,
      1723164509.4410028,
      {}
    ],
    [
      10,
      null,
      209652396,
      null,
      [
        0.7815017104148865,
        0.23737373737373735
      ],
      540.4973044395447,
      1,
      1723164509.4483469,
      1723165049.9470246,
      {}
    ],
    [
      10,
      null,
      398764591,
      null,
      [
        0.525091290473938,
        0.24242424242424243
      ],
      290.14153265953064,
      1,
      1723165049.951465,
      1723165340.0943985,
      {}
    ],
    [
      11,
      null,
      209652396,
      null,
      [
        1.1094897985458374,
        0.2525252525252525
      ],
      531.151985168457,
      1,
      1723165340.1059587,
      1723165871.2592626,
      {}
    ],
    [
      11,
      null,
      398764591,
      null,
      [
        1.1207937002182007,
        0.21464646464646464
      ],
      531.3061521053314,
      1,
      1723165871.284948,
      1723166402.5924692,
      {}
    ],
    [
      12,
      null,
      209652396,
      null,
      [
        0.5287707448005676,
        0.23989898989898994
      ],
      509.3719460964203,
      1,
      1723166402.6005437,
      1723166911.9738743,
      {}
    ],
    [
      12,
      null,
      398764591,
      null,
      [
        0.5418926477432251,
        0.24242424242424243
      ],
      641.2597773075104,
      1,
      1723166911.9811652,
      1723167553.2425337,
      {}
    ],
    [
      13,
      null,
      209652396,
      null,
      [
        0.5410293340682983,
        0.24242424242424243
      ],
      538.4463920593262,
      1,
      1723167553.255191,
      1723168091.7029283,
      {}
    ],
    [
      13,
      null,
      398764591,
      null,
      [
        0.5307796597480774,
        0.25757575757575757
      ],
      340.67872166633606,
      1,
      1723168091.7078125,
      1723168432.3879251,
      {}
    ],
    [
      14,
      null,
      209652396,
      null,
      [
        1.6713781356811523,
        0.23989898989898994
      ],
      1135.7280004024506,
      1,
      1723168433.1317546,
      1723169568.8611126,
      {}
    ],
    [
      14,
      null,
      398764591,
      null,
      [
        0.6418921947479248,
        0.25
      ],
      585.6511907577515,
      1,
      1723169568.8660176,
      1723170154.5185652,
      {}
    ],
    [
      15,
      null,
      209652396,
      null,
      [
        2.3505094051361084,
        0.2272727272727273
      ],
      1141.6755774021149,
      1,
      1723170154.5278275,
      1723171296.2047448,
      {}
    ],
    [
      15,
      null,
      398764591,
      null,
      [
        2.536907434463501,
        0.202020202020202
      ],
      1148.42844748497,
      1,
      1723171296.2099538,
      1723172444.6399593,
      {}
    ]
  ],
  "configs": {
    "1": {
      "accum": 2,
      "batch": 4,
      "dropout_rate": 0.1860063053668,
      "lora_init_scale": 0.0004318458108,
      "lora_rank": 28,
      "lora_scaling_rank": 2,
      "lr": 0.0075844928051,
      "warmup_pct": 0.2990663754661,
      "weight_decay": 0.0003501633591
    },
    "2": {
      "accum": 8,
      "batch": 1,
      "dropout_rate": 0.6448824241757,
      "lora_init_scale": 0.0059698491941,
      "lora_rank": 7,
      "lora_scaling_rank": 3,
      "lr": 1.94723447e-05,
      "warmup_pct": 0.1048141062725,
      "weight_decay": 1.36358596e-05
    },
    "3": {
      "accum": 4,
      "batch": 8,
      "dropout_rate": 0.3481670588255,
      "lora_init_scale": 0.0031072065118,
      "lora_rank": 12,
      "lora_scaling_rank": 3,
      "lr": 0.0005116817409,
      "warmup_pct": 0.0550010925904,
      "weight_decay": 6.7163952e-05
    },
    "4": {
      "accum": 2,
      "batch": 2,
      "dropout_rate": 0.8834075056016,
      "lora_init_scale": 0.040922376696,