{
  "stats": {
    "submitted": 30,
    "finished": 30,
    "running": 0
  },
  "data": [
    [
      1,
      null,
      209652396,
      null,
      [
        0.573732316493988,
        0.24494949494949492
      ],
      404.0288770198822,
      1,
      1723116139.939722,
      1723116543.969955,
      {}
    ],
    [
      1,
      null,
      398764591,
      null,
      [
        0.6852107048034668,
        0.29292929292929293
      ],
      392.07856130599976,
      1,
      1723116543.97353,
      1723116936.0536454,
      {}
    ],
    [
      2,
      null,
      209652396,
      null,
      [
        0.5696515440940857,
        0.23737373737373735
      ],
      1789.15438747406,
      1,
      1723116936.0589948,
      1723118725.2147367,
      {}
    ],
    [
      2,
      null,
      398764591,
      null,
      [
        0.5688832402229309,
        0.24494949494949492
      ],
      1795.3203389644623,
      1,
      1723118725.2175417,
      1723120520.5394888,
      {}
    ],
    [
      3,
      null,
      209652396,
      null,
      [
        0.5272051692008972,
        0.24242424242424243
      ],
      340.5440435409546,
      1,
      1723120520.5439992,
      1723120861.089518,
      {}
    ],
    [
      3,
      null,
      398764591,
      null,
      [
        0.7045990824699402,
        0.23737373737373735
      ],
      579.802729845047,
      1,
      1723120861.0959,
      1723121440.9000854,
      {}
    ],
    [
      4,
      null,
      209652396,
      null,
      [
        0.7006202340126038,
        0.23232323232323238
      ],
      1113.8398678302765,
      1,
      1723121440.9055321,
      1723122554.7469916,
      {}
    ],
    [
      4,
      null,
      398764591,
      null,
      [
        0.5649739503860474,
        0.23989898989898994
      ],
      830.7115535736084,
      1,
      1723122554.750265,
      1723123385.4631827,
      {}
    ],
    [
      5,
      null,
      209652396,
      null,
      [
        1.384663701057434,
        0.21969696969696972
      ],
      551.6275360584259,
      1,
      1723123385.4691668,
      1723123937.098074,
      {}
    ],
    [
      5,
      null,
      398764591,
      null,
      [
        1.023836374282837,
        0.2222222222222222
      ],
      503.89347982406616,
      1,
      1723123937.1041343,
      1723124440.9991093,
      {}
    ],
    [
      6,
      null,
      209652396,
      null,
      [
        0.5960754156112671,
        0.23989898989898994
      ],
      1151.3950364589691,
      1,
      1723124443.4880757,
      1723125594.8845022,
      {}
    ],
    [
      6,
      null,
      398764591,
      null,
      [
        0.5978333950042725,
        0.26010101010101006
      ],
      1159.2384798526764,
      1,
      1723125594.888306,
      1723126754.128348,
      {}
    ],
    [
      7,
      null,
      209652396,
      null,
      [
        0.544929027557373,
        0.24494949494949492
      ],
      738.1214904785156,
      1,
      1723126754.1348186,
      1723127492.2576904,
      {}
    ],
    [
      7,
      null,
      398764591,
      null,
      [
        0.5429160594940186,
        0.22979797979797978
      ],
      744.0743703842163,
      1,
      1723127492.275966,
      1723128236.3516955,
      {}
    ],
    [
      8,
      null,
      209652396,
      null,
      [
        0.6370664834976196,
        0.29040404040404044
      ],
      1127.3409585952759,
      1,
      1723128236.3586762,
      1723129363.7010396,
      {}
    ],
    [
      8,
      null,
      398764591,
      null,
      [
        0.6384759545326233,
        0.30808080808080807
      ],
      1160.9856612682343,
      1,
      1723129363.7051058,
      1723130524.692189,
      {}
    ],
    [
      9,
      null,
      209652396,
      null,
      [
        0.6159383654594421,
        0.2525252525252525
      ],
      1127.397441625595,
      1,
      1723130524.6985884,
      1723131652.0973923,
      {}
    ],
    [
      9,
      null,
      398764591,
      null,
      [
        0.6179752349853516,
        0.2676767676767676
      ],
      1127.8266236782074,
      1,
      1723131652.101513,
      1723132779.9295547,
      {}
    ],
    [
      10,
      null,
      209652396,
      null,
      [
        0.5293797850608826,
        0.23484848484848486
      ],
      459.7148628234863,
      1,
      1723132779.936242,
      1723133239.6524222,
      {}
    ],
    [
      10,
      null,
      398764591,
      null,
      [
        0.5542012453079224,
        0.23737373737373735
      ],
      527.7729635238647,
      1,
      1723133239.6565764,
      1723133767.4309373,
      {}
    ],
    [
      11,
      null,
      209652396,
      null,
      [
        0.5363819003105164,
        0.24242424242424243
      ],
      1036.6458649635315,
      1,
      1723133767.4403095,
      1723134804.087519,
      {}
    ],
    [
      11,
      null,
      398764591,
      null,
      [
        0.5372416973114014,
        0.23232323232323238
      ],
      1036.6320078372955,
      1,
      1723134804.09418,
      1723135840.72763,
      {}
    ],
    [
      12,
      null,
      209652396,
      null,
      [
        0.5269044637680054,
        0.22979797979797978
      ],
      741.8934152126312,
      1,
      1723135840.7358658,
      1723136582.6305914,
      {}
    ],
    [
      12,
      null,
      398764591,
      null,
      [
        0.5252269506454468,
        0.23737373737373735
      ],
      740.5202186107635,
      1,
      1723136582.635043,
      1723137323.1566663,
      {}
    ],
    [
      13,
      null,
      209652396,
      null,
      [
        1.2278326749801636,
        0.22979797979797978
      ],
      1661.772028684616,
      1,
      1723137323.1667027,
      1723138984.9401202,
      {}
    ],
    [
      13,
      null,
      398764591,
      null,
      [
        1.039168119430542,
        0.23737373737373735
      ],
      1300.3160283565521,
      1,
      1723138984.9448416,
      1723140285.2624333,
      {}
    ],
    [
      14,
      null,
      209652396,
      null,
      [
        0.5894865393638611,
        0.24494949494949492
      ],
      731.2638366222382,
      1,
      1723140286.064893,
      1723141017.3301294,
      {}
    ],
    [
      14,
      null,
      398764591,
      null,
      [
        0.5881519317626953,
        0.2525252525252525
      ],
      730.8626353740692,
      1,
      1723141017.3349245,
      1723141748.1990798,
      {}
    ],
    [
      15,
      null,
      209652396,
      null,
      [
        0.547295331954956,
        0.23737373737373735
      ],
      716.9717264175415,
      1,
      1723141748.205961,
      1723142465.1790464,
      {}
    ],
    [
      15,
      null,
      398764591,
      null,
      [
        0.5458642840385437,
        0.24494949494949492
      ],
      716.567709684372,
      1,
      1723142465.1838653,
      1723143181.7529867,
      {}
    ]
  ],
  "configs": {
    "1": {
      "accum": 2,
      "batch": 4,
      "dropout_rate": 0.1860063053668,
      "lora_init_scale": 0.0004318458108,
      "lora_rank": 28,
      "lora_scaling_rank": 2,
      "lr": 0.0075844928051,
      "warmup_pct": 0.2990663754661,
      "weight_decay": 0.0003501633591
    },
    "2": {
      "accum": 8,
      "batch": 1,
      "dropout_rate": 0.6448824241757,
      "lora_init_scale": 0.0059698491941,
      "lora_rank": 7,
      "lora_scaling_rank": 3,
      "lr": 1.94723447e-05,
      "warmup_pct": 0.1048141062725,
      "weight_decay": 1.36358596e-05
    },
    "3": {
      "accum": 4,
      "batch": 8,
      "dropout_rate": 0.3481670588255,
      "lora_init_scale": 0.0031072065118,
      "lora_rank": 12,
      "lora_scaling_rank": 3,
      "lr": 0.0005116817409,
      "warmup_pct": 0.0550010925904,
      "weight_decay": 6.7163952e-05
    },
    "4": {
      "accum": 2,
      "batch": 2,
      "dropout_rate": 0.8834075056016,